{"cameraMode":{"drawMode":0,"name":"Shaded","section":"Shading Mode"},"sceneLighting":true,"audioPlay":false,"sceneViewState":{"m_AlwaysRefresh":false,"showFog":true,"showSkybox":true,"showFlares":true,"showImageEffects":true,"showParticleSystems":true,"showVisualEffectGraphs":true,"m_FxEnabled":true},"in2DMode":false,"pivot":{"x":205.3638458251953,"y":173.69204711914063,"z":-166.99017333984376},"rotation":{"x":0.03597083315253258,"y":0.034470830112695697,"z":-0.0012414894299581648,"w":0.9987577199935913},"size":25.62333106994629,"orthographic":false}